file;sent_id;word id;word;lemma;upos;xpos;deprel;head;head upos;head id;ner tag;nertag2
ert_350450.txt;1;1;SEB;SEB;PROPN;Y;nmod;analüütik;NOUN;2;B-ORG;B-ORG
ert_350450.txt;1;2;analüütiku;analüütik;NOUN;S;nmod;hinnang;NOUN;5;O;O
ert_350450.txt;1;3;Mihkel;Mihkel;PROPN;S;appos;analüütik;NOUN;2;B-PER;B-PER
ert_350450.txt;1;4;Nestori;Nestor;PROPN;S;flat;Mihkel;PROPN;3;I-PER;I-PER
ert_350450.txt;1;5;hinnangul;hinnang;NOUN;S;obl;oodatav;ADJ;9;O;O
ert_350450.txt;1;6;oli;olema;AUX;V;cop;oodatav;ADJ;9;O;O
ert_350450.txt;1;7;selline;selline;DET;P;det;hinna_tõus;NOUN;8;O;O
ert_350450.txt;1;8;hinnatõus;hinna_tõus;NOUN;S;nsubj:cop;oodatav;ADJ;9;O;O
ert_350450.txt;1;9;oodatav;oodatav;ADJ;A;root;root;PUNCT;0;O;O
ert_350450.txt;1;10;,;,;PUNCT;Z;punct;langus;NOUN;20;O;O
ert_350450.txt;1;11;sest;sest;SCONJ;J;mark;langus;NOUN;20;O;O
ert_350450.txt;1;12;eelmisel;eelmine;ADJ;A;amod;aasta;NOUN;13;O;B-DATE
ert_350450.txt;1;13;aastal;aasta;NOUN;S;obl;langus;NOUN;20;O;I-DATE
ert_350450.txt;1;14;oli;olema;AUX;V;cop;langus;NOUN;20;O;O
ert_350450.txt;1;15;majandus;majandus;NOUN;S;nsubj:cop;langus;NOUN;20;O;O
ert_350450.txt;1;16;koroona;koroona;NOUN;S;nmod;pandeemia;NOUN;17;O;O
ert_350450.txt;1;17;pandeemia;pandeemia;NOUN;S;obl;langus;NOUN;20;O;O
ert_350450.txt;1;18;tõttu;tõttu;ADP;K;case;pandeemia;NOUN;17;O;O
ert_350450.txt;1;19;sügavas;sügav;ADJ;A;amod;langus;NOUN;20;O;O
ert_350450.txt;1;20;languses;langus;NOUN;S;advcl;oodatav;ADJ;9;O;O
ert_350450.txt;1;21;.;.;PUNCT;Z;punct;oodatav;ADJ;9;O;O
ert_350450.txt;2;1;Hinnad;hind;NOUN;S;nsubj;langema;VERB;2;O;O
ert_350450.txt;2;2;langesid;langema;VERB;V;root;root;PUNCT;0;O;O
ert_350450.txt;2;3;kaks;kaks;NUM;N;nummod;protsent;NOUN;4;O;B-PERCENT
ert_350450.txt;2;4;protsenti;protsent;NOUN;S;obl;langema;VERB;2;O;I-PERCENT
ert_350450.txt;2;5;.;.;PUNCT;Z;punct;langema;VERB;2;O;O
ert_350450.txt;3;1;Nüüd;nüüd;ADV;D;advmod;tuttav;ADJ;2;O;O
ert_350450.txt;3;2;tuttavad;tuttav;ADJ;A;amod;inimene;NOUN;3;O;O
ert_350450.txt;3;3;inimesed;inimene;NOUN;S;nsubj;kulutama;VERB;4;O;O
ert_350450.txt;3;4;kulutama;kulutama;VERB;V;root;root;PUNCT;0;O;O
ert_350450.txt;3;5;ja;ja;CCONJ;J;cc;suurendama;VERB;7;O;O
ert_350450.txt;3;6;see;see;PRON;P;nsubj;suurendama;VERB;7;O;O
ert_350450.txt;3;7;suurendab;suurendama;VERB;V;conj;kulutama;VERB;4;O;O
ert_350450.txt;3;8;nõudlust;nõudlus;NOUN;S;obj;suurendama;VERB;7;O;O
ert_350450.txt;3;9;,;,;PUNCT;Z;punct;keeruline;ADJ;13;O;O
ert_350450.txt;3;10;mida;mis;PRON;P;obj;rahuldama;VERB;14;O;O
ert_350450.txt;3;11;ettevõtetel;ette_võte;NOUN;S;obl;keeruline;ADJ;13;O;O
ert_350450.txt;3;12;on;olema;AUX;V;cop;keeruline;ADJ;13;O;O
ert_350450.txt;3;13;keeruline;keeruline;ADJ;A;acl:relcl;nõudlus;NOUN;8;O;O
ert_350450.txt;3;14;rahuldada;rahuldama;VERB;V;csubj:cop;keeruline;ADJ;13;O;O
ert_350450.txt;3;15;.;.;PUNCT;Z;punct;kulutama;VERB;4;O;O
ert_350450.txt;4;1;Mihkel;Mihkel;PROPN;S;root;root;PUNCT;0;B-PER;B-PER
ert_350450.txt;4;2;Nestor;Nestor;PROPN;S;flat;Mihkel;PROPN;1;I-PER;I-PER
ert_350450.txt;4;3;.;.;PUNCT;Z;punct;Mihkel;PROPN;1;O;O
ert_350450.txt;5;1;Aga;aga;CCONJ;J;cc;kindel;ADJ;6;O;O
ert_350450.txt;5;2;et;et;SCONJ;J;mark;kindel;ADJ;6;O;O
ert_350450.txt;5;3;,;,;PUNCT;Z;punct;kindel;ADJ;6;O;O
ert_350450.txt;5;4;et;et;SCONJ;J;mark;kindel;ADJ;6;O;O
ert_350450.txt;5;5;on;olema;AUX;V;cop;kindel;ADJ;6;O;O
ert_350450.txt;5;6;kindel;kindel;ADJ;A;root;root;PUNCT;0;O;O
ert_350450.txt;5;7;,;,;PUNCT;Z;punct;nägema;VERB;10;O;O
ert_350450.txt;5;8;et;et;SCONJ;J;mark;nägema;VERB;10;O;O
ert_350450.txt;5;9;me;mina;PRON;P;nsubj;nägema;VERB;10;O;O
ert_350450.txt;5;10;näeme;nägema;VERB;V;csubj:cop;kindel;ADJ;6;O;O
ert_350450.txt;5;11;siin;siin;ADV;D;advmod;nägema;VERB;10;O;O
ert_350450.txt;5;12;positiivse;positiivne;ADJ;A;amod;inflatsiooni_number;NOUN;13;O;O
ert_350450.txt;5;13;inflatsiooninumbrid;inflatsiooni_number;NOUN;S;obj;nägema;VERB;10;O;O
ert_350450.txt;5;14;jäävad;jääma;VERB;V;conj;nägema;VERB;10;O;O
ert_350450.txt;5;15;suuremaks;suurem;ADJ;A;xcomp;jääma;VERB;14;O;O
ert_350450.txt;5;16;kui;kui;SCONJ;J;mark;pool;NOUN;20;O;O
ert_350450.txt;5;17;eelneva;eelnev;ADJ;A;acl;aasta;NOUN;18;O;O
ert_350450.txt;5;18;aasta;aasta;NOUN;S;nmod;pool;NOUN;20;O;O
ert_350450.txt;5;19;esimeses;esimene;ADJ;N;amod;pool;NOUN;20;O;O
ert_350450.txt;5;20;pooles;pool;NOUN;S;advcl;suurem;ADJ;15;O;O
ert_350450.txt;5;21;.;.;PUNCT;Z;punct;kindel;ADJ;6;O;O
ert_350450.txt;6;1;Aga;aga;CCONJ;J;cc;uskuma;VERB;6;O;O
ert_350450.txt;6;2;noh;noh;INTJ;I;discourse;uskuma;VERB;6;O;O
ert_350450.txt;6;3;,;,;PUNCT;Z;punct;uskuma;VERB;6;O;O
ert_350450.txt;6;4;samas;samas;ADV;D;advmod;uskuma;VERB;6;O;O
ert_350450.txt;6;5;ma;mina;PRON;P;nsubj;uskuma;VERB;6;O;O
ert_350450.txt;6;6;usun;uskuma;VERB;V;root;root;PUNCT;0;O;O
ert_350450.txt;6;7;,;,;PUNCT;Z;punct;miski;PRON;10;O;O
ert_350450.txt;6;8;et;et;SCONJ;J;mark;miski;PRON;10;O;O
ert_350450.txt;6;9;nagu;nagu;SCONJ;J;mark;miski;PRON;10;O;O
ert_350450.txt;6;10;midagi;miski;PRON;P;nsubj:cop;mina;PRON;13;O;O
ert_350450.txt;6;11;dramaatilist;dramaatiline;ADJ;A;amod;miski;PRON;10;O;O
ert_350450.txt;6;12;,;,;PUNCT;Z;punct;mina;PRON;13;O;O
ert_350450.txt;6;13;meil;mina;PRON;P;ccomp;uskuma;VERB;6;O;O
ert_350450.txt;6;14;ei;ei;AUX;V;aux;mina;PRON;13;O;O
ert_350450.txt;6;15;ole;olema;AUX;V;cop;mina;PRON;13;O;O
ert_350450.txt;6;16;ka;ka;ADV;D;advmod;mina;PRON;13;O;O
ert_350450.txt;6;17;nagu;nagu;SCONJ;J;mark;põhjus;NOUN;18;O;O
ert_350450.txt;6;18;põhjust;põhjus;NOUN;S;nsubj:cop;mina;PRON;13;O;O
ert_350450.txt;6;19;karta;kartma;VERB;V;acl;põhjus;NOUN;18;O;O
ert_350450.txt;6;20;,;,;PUNCT;Z;punct;kohanema;VERB;26;O;O
ert_350450.txt;6;21;et;et;SCONJ;J;mark;kohanema;VERB;26;O;O
ert_350450.txt;6;22;tegelikult;tegelikult;ADV;D;advmod;kohanema;VERB;26;O;O
ert_350450.txt;6;23;ju;ju;ADV;D;advmod;kohanema;VERB;26;O;O
ert_350450.txt;6;24;eks;eks;ADV;D;advmod;kohanema;VERB;26;O;O
ert_350450.txt;6;25;ettevõtjad;ette_võtja;NOUN;S;nsubj;kohanema;VERB;26;O;O
ert_350450.txt;6;26;kohanevad;kohanema;VERB;V;ccomp;kartma;VERB;19;O;O
ert_350450.txt;6;27;selle;see;DET;P;det;nõudlus;NOUN;29;O;O
ert_350450.txt;6;28;värske;värske;ADJ;A;amod;nõudlus;NOUN;29;O;O
ert_350450.txt;6;29;nõudlusega;nõudlus;NOUN;S;obl;kohanema;VERB;26;O;O
ert_350450.txt;6;30;ja;ja;CCONJ;J;cc;uskuma;VERB;35;O;O
ert_350450.txt;6;31;seetõttu;see_tõttu;ADV;D;advmod;uskuma;VERB;35;O;O
ert_350450.txt;6;32;juba;juba;ADV;D;advmod;uskuma;VERB;35;O;O
ert_350450.txt;6;33;ikkagi;ikkagi;ADV;D;advmod;uskuma;VERB;35;O;O
ert_350450.txt;6;34;ma;mina;PRON;P;nsubj;uskuma;VERB;35;O;O
ert_350450.txt;6;35;usun;uskuma;VERB;V;conj;kohanema;VERB;26;O;O
ert_350450.txt;6;36;,;,;PUNCT;Z;punct;suutma;VERB;38;O;O
ert_350450.txt;6;37;et;et;SCONJ;J;mark;suutma;VERB;38;O;O
ert_350450.txt;6;38;suudetakse;suutma;VERB;V;ccomp;uskuma;VERB;35;O;O
ert_350450.txt;6;39;nagu;nagu;SCONJ;J;mark;suutma;VERB;38;O;O
ert_350450.txt;6;40;vastu;vastu;ADV;D;compound:prt;tulema;VERB;41;O;O
ert_350450.txt;6;41;tulla;tulema;VERB;V;xcomp;suutma;VERB;38;O;O
ert_350450.txt;6;42;ka;ka;ADV;D;advmod;tarbija;NOUN;43;O;O
ert_350450.txt;6;43;tarbijatele;tarbija;NOUN;S;obl;tulema;VERB;41;O;O
ert_350450.txt;6;44;,;,;PUNCT;Z;punct;noh;INTJ;46;O;O
ert_350450.txt;6;45;aga;aga;CCONJ;J;cc;noh;INTJ;46;O;O
ert_350450.txt;6;46;noh;noh;INTJ;I;discourse;vaatama;VERB;49;O;O
ert_350450.txt;6;47;,;,;PUNCT;Z;punct;vaatama;VERB;49;O;O
ert_350450.txt;6;48;kui;kui;SCONJ;J;mark;vaatama;VERB;49;O;O
ert_350450.txt;6;49;vaadata;vaatama;VERB;V;advcl;suutma;VERB;38;O;O
ert_350450.txt;6;50;eelmist;eelmine;ADJ;A;amod;aasta;NOUN;51;O;O
ert_350450.txt;6;51;aastat;aasta;NOUN;S;obj;vaatama;VERB;49;O;O
ert_350450.txt;6;52;,;,;PUNCT;Z;punct;teine;PRON;58;O;O
ert_350450.txt;6;53;et;et;SCONJ;J;mark;terve;DET;55;O;O
ert_350450.txt;6;54;tegelikult;tegelikult;ADV;D;advmod;terve;DET;55;O;O
ert_350450.txt;6;55;terve;terve;DET;A;det;2020;NUM;57;O;O
ert_350450.txt;6;56;eelmise;eelmine;ADJ;A;amod;2020;NUM;57;O;O
ert_350450.txt;6;57;2020;2020;NUM;N;nummod;teine;PRON;58;O;I-DATE
ert_350450.txt;6;58;teise;teine;PRON;P;obl;vaatama;VERB;49;O;O
ert_350450.txt;6;59;poole;poole;ADP;K;case;teine;PRON;58;O;O
ert_350450.txt;6;60;,;,;PUNCT;Z;punct;langus;NOUN;64;O;O
ert_350450.txt;6;61;et;et;SCONJ;J;mark;langus;NOUN;64;O;O
ert_350450.txt;6;62;hinnad;hind;NOUN;S;nsubj:cop;langus;NOUN;64;O;O
ert_350450.txt;6;63;olid;olema;AUX;V;cop;langus;NOUN;64;O;O
ert_350450.txt;6;64;languses;langus;NOUN;S;acl;teine;PRON;58;O;O
ert_350450.txt;6;65;,;,;PUNCT;Z;punct;tulema;VERB;75;O;O
ert_350450.txt;6;66;et;et;SCONJ;J;mark;tulema;VERB;75;O;O
ert_350450.txt;6;67;noh;noh;INTJ;I;discourse;tulema;VERB;75;O;O
ert_350450.txt;6;68;,;,;PUNCT;Z;punct;tulema;VERB;75;O;O
ert_350450.txt;6;69;selle;see;PRON;P;nmod;pind;NOUN;70;O;O
ert_350450.txt;6;70;pinnalt;pind;NOUN;S;obl;tulema;VERB;75;O;O
ert_350450.txt;6;71;juba;juba;ADV;D;advmod;tulema;VERB;75;O;O
ert_350450.txt;6;72;jällegi;jällegi;ADV;D;advmod;tulema;VERB;75;O;O
ert_350450.txt;6;73;ainuüksi;ainu_üksi;ADV;D;advmod;inflatsioon;NOUN;74;O;O
ert_350450.txt;6;74;inflatsioon;inflatsioon;NOUN;S;nsubj;tulema;VERB;75;O;O
ert_350450.txt;6;75;tuleb;tulema;VERB;V;conj;langus;NOUN;64;O;O
ert_350450.txt;6;76;.;.;PUNCT;Z;punct;uskuma;VERB;6;O;O
ert_350450.txt;7;1;Oma;oma;PRON;P;nmod;mõju;NOUN;2;O;O
ert_350450.txt;7;2;mõju;mõju;NOUN;S;obj;avaldama;VERB;3;O;O
ert_350450.txt;7;3;avaldab;avaldama;VERB;V;root;root;PUNCT;0;O;O
ert_350450.txt;7;4;ka;ka;ADV;D;advmod;pension;NOUN;5;O;O
ert_350450.txt;7;5;pensioni;pension;NOUN;S;obj;avaldama;VERB;3;O;O
ert_350450.txt;7;6;teise;teine;ADJ;N;det;sammas;NOUN;7;O;O
ert_350450.txt;7;7;samba;sammas;NOUN;S;nmod;raha;NOUN;8;O;O
ert_350450.txt;7;8;raha;raha;NOUN;S;nmod;välja_võtmine;NOUN;9;O;O
ert_350450.txt;7;9;väljavõtmine;välja_võtmine;NOUN;S;nsubj;avaldama;VERB;3;O;O
ert_350450.txt;7;10;ja;ja;CCONJ;J;cc;paiskamine;NOUN;12;O;O
ert_350450.txt;7;11;selle;see;PRON;P;nmod;paiskamine;NOUN;12;O;O
ert_350450.txt;7;12;paiskamine;paiskamine;NOUN;S;conj;välja_võtmine;NOUN;9;O;O
ert_350450.txt;7;13;tarbimisse;tarbimine;NOUN;S;nmod;paiskamine;NOUN;12;O;O
ert_350450.txt;7;14;veel;veel;ADV;D;advmod;kord;NOUN;15;O;O
ert_350450.txt;7;15;kord;kord;NOUN;S;orphan;paiskamine;NOUN;12;O;O
ert_350450.txt;7;16;Mihkel;Mihkel;PROPN;S;appos;kord;NOUN;15;B-PER;B-PER
ert_350450.txt;7;17;Nestor;Nestor;PROPN;S;flat;Mihkel;PROPN;16;I-PER;I-PER
ert_350450.txt;7;18;.;.;PUNCT;Z;punct;avaldama;VERB;3;O;O
ert_350450.txt;8;1;Noh;noh;INTJ;I;discourse;rääkima;VERB;5;O;O
ert_350450.txt;8;2;,;,;PUNCT;Z;punct;rääkima;VERB;5;O;O
ert_350450.txt;8;3;väga;väga;ADV;D;advmod;palju;ADV;4;O;O
ert_350450.txt;8;4;palju;palju;ADV;D;advmod;rääkima;VERB;5;O;O
ert_350450.txt;8;5;räägitakse;rääkima;VERB;V;root;root;PUNCT;0;O;O
ert_350450.txt;8;6;sellest;see;PRON;P;obl;rääkima;VERB;5;O;O
ert_350450.txt;8;7;,;,;PUNCT;Z;punct;pääsema;VERB;14;O;O
ert_350450.txt;8;8;et;et;SCONJ;J;mark;pääsema;VERB;14;O;O
ert_350450.txt;8;9;kuidas;kuidas;ADV;D;mark;pääsema;VERB;14;O;O
ert_350450.txt;8;10;,;,;PUNCT;Z;punct;pääsema;VERB;14;O;O
ert_350450.txt;8;11;nagu;nagu;SCONJ;J;mark;pääsema;VERB;14;O;O
ert_350450.txt;8;12;septembris;september;NOUN;S;obl;pääsema;VERB;14;O;B-DATE
ert_350450.txt;8;13;siis;siis;ADV;D;advmod;pääsema;VERB;14;O;O
ert_350450.txt;8;14;pääseb;pääsema;VERB;V;ccomp;rääkima;VERB;5;O;O
ert_350450.txt;8;15;see;see;PRON;P;nsubj;pääsema;VERB;14;O;B-DATE
ert_350450.txt;8;16;pensioniraha;pensioni_raha;NOUN;S;obl;pääsema;VERB;14;O;O
ert_350450.txt;8;17;turule;turg;NOUN;S;obl;pääsema;VERB;14;O;O
ert_350450.txt;8;18;,;,;PUNCT;Z;punct;hulk;NOUN;27;O;O
ert_350450.txt;8;19;aga;aga;CCONJ;J;cc;hulk;NOUN;27;O;O
ert_350450.txt;8;20;tegelikult;tegelikult;ADV;D;advmod;hulk;NOUN;27;O;O
ert_350450.txt;8;21;oli;olema;AUX;V;cop;hulk;NOUN;27;O;O
ert_350450.txt;8;22;ju;ju;ADV;D;advmod;hulk;NOUN;27;O;O
ert_350450.txt;8;23;see;see;DET;P;det;aasta;NOUN;24;O;B-DATE
ert_350450.txt;8;24;aastaga;aasta;NOUN;S;obl;hulk;NOUN;27;O;O
ert_350450.txt;8;25;enneolematult;enne_olematult;ADV;D;advmod;suur;ADJ;26;O;O
ert_350450.txt;8;26;suur;suur;ADJ;A;amod;hulk;NOUN;27;O;O
ert_350450.txt;8;27;hulk;hulk;NOUN;S;conj;pääsema;VERB;14;O;O
ert_350450.txt;8;28;neid;see;DET;P;det;inimene;NOUN;29;O;O
ert_350450.txt;8;29;inimesi;inimene;NOUN;S;nsubj:cop;hulk;NOUN;27;O;O
ert_350450.txt;8;30;,;,;PUNCT;Z;punct;aastane;ADJ;37;O;O
ert_350450.txt;8;31;et;et;SCONJ;J;mark;aastane;ADJ;37;O;O
ert_350450.txt;8;32;kes;kes;PRON;P;nsubj:cop;aastane;ADJ;37;O;O
ert_350450.txt;8;33;on;olema;AUX;V;cop;aastane;ADJ;37;O;O
ert_350450.txt;8;34;siis;siis;ADV;D;advmod;aastane;ADJ;37;O;O
ert_350450.txt;8;35;üle;üle;ADP;K;case;60;NUM;36;O;O
ert_350450.txt;8;36;60;60;NUM;N;obl;aastane;ADJ;37;O;O
ert_350450.txt;8;37;aastased;aastane;ADJ;A;acl;inimene;NOUN;29;O;O
ert_350450.txt;8;38;,;,;PUNCT;Z;punct;kes;PRON;39;O;O
ert_350450.txt;8;39;kellel;kes;PRON;P;conj;aastane;ADJ;37;O;O
ert_350450.txt;8;40;oli;olema;AUX;V;cop;kes;PRON;39;O;O
ert_350450.txt;8;41;juba;juba;ADV;D;advmod;tulenevalt;ADV;42;O;O
ert_350450.txt;8;42;tulenevalt;tulenevalt;ADV;D;advmod;kes;PRON;39;O;O
ert_350450.txt;8;43;varasemalt;varasemalt;ADV;D;advmod;kes;PRON;39;O;O
ert_350450.txt;8;44;seadusest;seadus;NOUN;S;obl;tulenev;ADJ;45;O;O
ert_350450.txt;8;45;tulenev;tulenev;ADJ;A;acl;õigus;NOUN;46;O;O
ert_350450.txt;8;46;õigus;õigus;NOUN;S;nsubj:cop;kes;PRON;39;O;O
ert_350450.txt;8;47;oma;oma;PRON;P;nmod;sammas;NOUN;49;O;O
ert_350450.txt;8;48;teise;teine;ADJ;N;det;sammas;NOUN;49;O;O
ert_350450.txt;8;49;samba;sammas;NOUN;S;nmod;sääst;NOUN;50;O;O
ert_350450.txt;8;50;säästud;sääst;NOUN;S;obj;võtma;VERB;52;O;O
ert_350450.txt;8;51;välja;välja;ADV;D;compound:prt;võtma;VERB;52;O;O
ert_350450.txt;8;52;võtta;võtma;VERB;V;acl;õigus;NOUN;46;O;O
ert_350450.txt;8;53;ja;ja;CCONJ;J;cc;jõudma;VERB;69;O;O
ert_350450.txt;8;54;selle;see;DET;P;det;avaldus;NOUN;55;O;O
ert_350450.txt;8;55;avalduse;avaldus;NOUN;S;obj;täituma;VERB;56;O;O
ert_350450.txt;8;56;täituda;täituma;VERB;V;advcl;jõudma;VERB;69;O;O
ert_350450.txt;8;57;oli;olema;AUX;V;aux;jõudma;VERB;69;O;O
ert_350450.txt;8;58;see;see;DET;P;det;aasta;NOUN;59;O;B-DATE
ert_350450.txt;8;59;aasta;aasta;NOUN;S;obl;jõudma;VERB;69;O;O
ert_350450.txt;8;60;tõesti;tõesti;ADV;D;advmod;jõudma;VERB;69;O;O
ert_350450.txt;8;61;ka;ka;ADV;D;advmod;rekordarv;NOUN;62;O;O
ert_350450.txt;8;62;rekordarv;rekordarv;NOUN;S;nsubj;jõudma;VERB;69;O;O
ert_350450.txt;8;63;tegelikult;tegelikult;ADV;D;advmod;jõudma;VERB;69;O;O
ert_350450.txt;8;64;osa;osa;NOUN;S;nsubj;jõudma;VERB;69;O;O
ert_350450.txt;8;65;sellest;see;DET;P;det;aasta;NOUN;67;O;O
ert_350450.txt;8;66;pensionär;pensionär;NOUN;S;nmod;aasta;NOUN;67;O;O
ert_350450.txt;8;67;aastal;aasta;NOUN;S;obl;jõudma;VERB;69;O;I-DATE
ert_350450.txt;8;68;juba;juba;ADV;D;advmod;jõudma;VERB;69;O;O
ert_350450.txt;8;69;jõudnud;jõudma;VERB;V;conj;kes;PRON;39;O;O
ert_350450.txt;8;70;turule;turg;NOUN;S;obl;jõudma;VERB;69;O;O
ert_350450.txt;8;71;.;.;PUNCT;Z;punct;rääkima;VERB;5;O;O
ert_350450.txt;9;1;Aga;aga;CCONJ;J;cc;järgnema;VERB;7;O;O
ert_350450.txt;9;2;jah;jah;ADV;D;advmod;järgnema;VERB;7;O;O
ert_350450.txt;9;3;,;,;PUNCT;Z;punct;järgnema;VERB;7;O;I-MONEY
ert_350450.txt;9;4;see;see;DET;P;det;mass;NOUN;6;O;O
ert_350450.txt;9;5;suurem;suurem;ADJ;A;amod;mass;NOUN;6;O;O
ert_350450.txt;9;6;mass;mass;NOUN;S;nsubj;järgnema;VERB;7;O;O
ert_350450.txt;9;7;järgneb;järgnema;VERB;V;root;root;PUNCT;0;O;O
ert_350450.txt;9;8;septembrist;september;NOUN;S;obl;järgnema;VERB;7;O;B-DATE
ert_350450.txt;9;9;ja;ja;CCONJ;J;cc;summa;NOUN;21;O;O
ert_350450.txt;9;10;noh;noh;INTJ;I;discourse;järgnema;VERB;7;O;O
ert_350450.txt;9;11;,;,;PUNCT;Z;punct;summa;NOUN;21;O;I-MONEY
ert_350450.txt;9;12;see;see;PRON;P;nsubj:cop;summa;NOUN;21;O;O
ert_350450.txt;9;13;on;olema;AUX;V;cop;summa;NOUN;21;O;O
ert_350450.txt;9;14;1,5;1,5;NUM;N;compound;miljard;NUM;15;O;O
ert_350450.txt;9;15;miljardit;miljard;NUM;N;nummod;euro;NOUN;16;O;I-MONEY
ert_350450.txt;9;16;eurot;euro;NOUN;S;obl;summa;NOUN;21;O;I-MONEY
ert_350450.txt;9;17;kokku;kokku;ADV;D;advmod;summa;NOUN;21;O;O
ert_350450.txt;9;18;umbes;umbes;ADV;D;advmod;tõeliselt;ADV;19;O;O
ert_350450.txt;9;19;tõeliselt;tõeliselt;ADV;D;advmod;suur;ADJ;20;O;O
ert_350450.txt;9;20;suur;suur;ADJ;A;amod;summa;NOUN;21;O;O
ert_350450.txt;9;21;summa;summa;NOUN;S;conj;järgnema;VERB;7;O;O
ert_350450.txt;9;22;Eesti;Eesti;PROPN;S;nmod;majandus;NOUN;23;B-LOC;B-GPE
ert_350450.txt;9;23;majanduse;majandus;NOUN;S;nmod;mõiste;NOUN;24;O;O
ert_350450.txt;9;24;mõistes;mõiste;NOUN;S;nmod;summa;NOUN;21;O;O
ert_350450.txt;9;25;,;,;PUNCT;Z;punct;protsent;NOUN;31;O;I-MONEY
ert_350450.txt;9;26;et;et;SCONJ;J;mark;protsent;NOUN;31;O;O
ert_350450.txt;9;27;see;see;PRON;P;nsubj:cop;protsent;NOUN;31;O;O
ert_350450.txt;9;28;on;olema;AUX;V;cop;protsent;NOUN;31;O;O
ert_350450.txt;9;29;umbes;umbes;ADV;D;advmod;10;NUM;30;O;O
ert_350450.txt;9;30;10;10;NUM;N;nummod;protsent;NOUN;31;O;B-PERCENT
ert_350450.txt;9;31;protsenti;protsent;NOUN;S;advcl;summa;NOUN;21;O;I-PERCENT
ert_350450.txt;9;32;meie;mina;PRON;P;nmod;era_tarbimine;NOUN;36;O;O
ert_350450.txt;9;33;tegelikult;tegelikult;ADV;D;advmod;protsent;NOUN;31;O;O
ert_350450.txt;9;34;majapidamiste;maja_pidamine;NOUN;S;nmod;era_tarbimine;NOUN;36;O;O
ert_350450.txt;9;35;aastasest;aastane;ADJ;A;amod;era_tarbimine;NOUN;36;O;O
ert_350450.txt;9;36;eratarbimisest;era_tarbimine;NOUN;S;nmod;protsent;NOUN;31;O;O
ert_350450.txt;9;37;kokku;kokku;ADV;D;advmod;protsent;NOUN;31;O;O
ert_350450.txt;9;38;.;.;PUNCT;Z;punct;järgnema;VERB;7;O;O
ert_350450.txt;10;1;Nestor;Nestor;PROPN;S;nsubj;eeldama;VERB;2;B-PER;B-PER
ert_350450.txt;10;2;eeldab;eeldama;VERB;V;root;root;PUNCT;0;O;O
ert_350450.txt;10;3;,;,;PUNCT;Z;punct;mõjutama;VERB;6;O;O
ert_350450.txt;10;4;et;et;SCONJ;J;mark;mõjutama;VERB;6;O;O
ert_350450.txt;10;5;hinnatõus;hinna_tõus;NOUN;S;nsubj;mõjutama;VERB;6;O;O
ert_350450.txt;10;6;mõjutab;mõjutama;VERB;V;ccomp;eeldama;VERB;2;O;O
ert_350450.txt;10;7;kodumaiste;kodu_maine;ADJ;A;amod;teenus;NOUN;9;O;O
ert_350450.txt;10;8;kallimate;kallim;ADJ;A;amod;teenus;NOUN;9;O;O
ert_350450.txt;10;9;teenuste;teenus;NOUN;S;nmod;hindu;NOUN;10;O;O
ert_350450.txt;10;10;hindu;hindu;NOUN;S;obj;mõjutama;VERB;6;O;O
ert_350450.txt;10;11;,;,;PUNCT;Z;punct;see;PRON;13;O;O
ert_350450.txt;10;12;nagu;nagu;SCONJ;J;mark;see;PRON;13;O;O
ert_350450.txt;10;13;seda;see;PRON;P;advcl;mõjutama;VERB;6;O;O
ert_350450.txt;10;14;on;olema;AUX;V;cop;see;PRON;13;O;O
ert_350450.txt;10;15;reisid;reis;NOUN;S;nsubj:cop;see;PRON;13;O;O
ert_350450.txt;10;16;ja;ja;CCONJ;J;cc;spaa;NOUN;17;O;O
ert_350450.txt;10;17;spaad;spaa;NOUN;S;conj;reis;NOUN;15;O;O
ert_350450.txt;10;18;.;.;PUNCT;Z;punct;eeldama;VERB;2;O;O
ert_350450.txt;11;1;Suurenenud;suurene=nud;ADJ;A;acl;tarbimine;NOUN;2;O;O
ert_350450.txt;11;2;tarbimine;tarbimine;NOUN;S;nsubj;kasvatama;VERB;3;O;O
ert_350450.txt;11;3;kasvatab;kasvatama;VERB;V;root;root;PUNCT;0;O;O
ert_350450.txt;11;4;ka;ka;ADV;D;advmod;riigi_eel_arve;NOUN;5;O;O
ert_350450.txt;11;5;riigieelarvet;riigi_eel_arve;NOUN;S;obj;kasvatama;VERB;3;O;O
ert_350450.txt;11;6;.;.;PUNCT;Z;punct;kasvatama;VERB;3;O;O
ert_350450.txt;12;1;Eesti;Eesti;PROPN;S;nmod;Pank;PROPN;2;B-ORG;B-ORG
ert_350450.txt;12;2;Panga;Pank;PROPN;S;nmod;eel_arve_nõu_kogu;NOUN;3;I-ORG;I-ORG
ert_350450.txt;12;3;eelarvenõukogu;eel_arve_nõu_kogu;NOUN;S;obj;juhtiv;ADJ;4;O;O
ert_350450.txt;12;4;juhtiv;juhtiv;ADJ;A;acl;professor;NOUN;5;O;B-TITLE
ert_350450.txt;12;5;professor;professor;NOUN;S;nsubj;ütlema;VERB;8;O;B-TITLE
ert_350450.txt;12;6;Raul;Raul;PROPN;S;appos;professor;NOUN;5;B-PER;B-PER
ert_350450.txt;12;7;Eamets;Ea_mets;PROPN;S;flat;Raul;PROPN;6;I-PER;I-PER
ert_350450.txt;12;8;ütles;ütlema;VERB;V;root;root;PUNCT;0;O;O
ert_350450.txt;12;9;,;,;PUNCT;Z;punct;tulema;VERB;13;O;O
ert_350450.txt;12;10;et;et;SCONJ;J;mark;tulema;VERB;13;O;O
ert_350450.txt;12;11;eelarve;eel_arve;NOUN;S;nmod;positsioon;NOUN;12;O;O
ert_350450.txt;12;12;positsioon;positsioon;NOUN;S;obj;vaatama;VERB;17;O;O
ert_350450.txt;12;13;tuleb;tulema;VERB;V;ccomp;ütlema;VERB;8;O;O
ert_350450.txt;12;14;sügisel;sügis;NOUN;S;obl;vaatama;VERB;17;O;O
ert_350450.txt;12;15;uuesti;uuesti;ADV;D;advmod;vaatama;VERB;17;O;O
ert_350450.txt;12;16;üle;üle;ADV;D;compound:prt;vaatama;VERB;17;O;O
ert_350450.txt;12;17;vaadata;vaatama;VERB;V;csubj;tulema;VERB;13;O;O
ert_350450.txt;12;18;,;,;PUNCT;Z;punct;teadma;VERB;21;O;O
ert_350450.txt;12;19;kui;kui;SCONJ;J;mark;teadma;VERB;21;O;O
ert_350450.txt;12;20;on;olema;AUX;V;aux;teadma;VERB;21;O;O
ert_350450.txt;12;21;teada;teadma;VERB;V;advcl;tulema;VERB;13;O;O
ert_350450.txt;12;22;ka;ka;ADV;D;advmod;majandus_prognoos;NOUN;24;O;O
ert_350450.txt;12;23;uus;uus;ADJ;A;amod;majandus_prognoos;NOUN;24;O;O
ert_350450.txt;12;24;majandusprognoos;majandus_prognoos;NOUN;S;obj;teadma;VERB;21;O;O
ert_350450.txt;12;25;.;.;PUNCT;Z;punct;ütlema;VERB;8;O;O
ert_350450.txt;13;1;Heametsa;Hea_mets;PROPN;S;nmod;hinnang;NOUN;2;B-PER;B-PER
ert_350450.txt;13;2;hinnangul;hinnang;NOUN;S;obl;parem;ADJ;6;O;O
ert_350450.txt;13;3;tulevad;tulema;VERB;V;root;root;PUNCT;0;O;O
ert_350450.txt;13;4;majanduskasvu;majandus_kasv;NOUN;S;nmod;näitaja;NOUN;5;O;O
ert_350450.txt;13;5;näitajad;näitaja;NOUN;S;nsubj:cop;parem;ADJ;6;O;O
ert_350450.txt;13;6;paremad;parem;ADJ;A;xcomp;tulema;VERB;3;O;O
ert_350450.txt;13;7;,;,;PUNCT;Z;punct;eeldama;VERB;10;O;O
ert_350450.txt;13;8;kui;kui;SCONJ;J;mark;eeldama;VERB;10;O;O
ert_350450.txt;13;9;kevadel;kevad;NOUN;S;obl;eeldama;VERB;10;O;O
ert_350450.txt;13;10;eeldati;eeldama;VERB;V;advcl;parem;ADJ;6;O;O
ert_350450.txt;13;11;.;.;PUNCT;Z;punct;parem;ADJ;6;O;O
ert_350450.txt;14;1;Ma;mina;PRON;P;nsubj:cop;kindel;ADJ;5;O;O
ert_350450.txt;14;2;ei;ei;AUX;V;aux;kindel;ADJ;5;O;O
ert_350450.txt;14;3;ole;olema;AUX;V;cop;kindel;ADJ;5;O;O
ert_350450.txt;14;4;üldse;üldse;ADV;D;advmod;kindel;ADJ;5;O;O
ert_350450.txt;14;5;kindel;kindel;ADJ;A;root;root;PUNCT;0;O;O
ert_350450.txt;14;6;,;,;PUNCT;Z;punct;olema;VERB;9;O;O
ert_350450.txt;14;7;et;et;SCONJ;J;mark;olema;VERB;9;O;O
ert_350450.txt;14;8;meil;mina;PRON;P;obl;olema;VERB;9;O;O
ert_350450.txt;14;9;on;olema;VERB;V;ccomp;kindel;ADJ;5;O;O
ert_350450.txt;14;10;vaja;vaja;ADV;D;compound:prt;olema;VERB;9;O;O
ert_350450.txt;14;11;mingitest;mingi;DET;P;det;kärbe;NOUN;12;O;O
ert_350450.txt;14;12;kärbetest;kärbe;NOUN;S;obl;rääkima;VERB;13;O;O
ert_350450.txt;14;13;rääkida;rääkima;VERB;V;csubj;olema;VERB;9;O;O
ert_350450.txt;14;14;,;,;PUNCT;Z;punct;tahtma;VERB;18;O;O
ert_350450.txt;14;15;kui;kui;SCONJ;J;mark;tahtma;VERB;18;O;O
ert_350450.txt;14;16;me;mina;PRON;P;nsubj;tahtma;VERB;18;O;O
ert_350450.txt;14;17;ei;ei;AUX;V;aux;tahtma;VERB;18;O;O
ert_350450.txt;14;18;taha;tahtma;VERB;V;advcl;olema;VERB;9;O;O
ert_350450.txt;14;19;siin;siin;ADV;D;advmod;tahtma;VERB;18;O;O
ert_350450.txt;14;20;kulude;kulu;NOUN;S;nmod;struktuur;NOUN;21;O;O
ert_350450.txt;14;21;struktuuri;struktuur;NOUN;S;obj;muutma;VERB;22;O;O
ert_350450.txt;14;22;muuta;muutma;VERB;V;xcomp;tahtma;VERB;18;O;O
ert_350450.txt;14;23;või;või;CCONJ;J;cc;tegema;VERB;24;O;O
ert_350450.txt;14;24;teha;tegema;VERB;V;conj;muutma;VERB;22;O;O
ert_350450.txt;14;25;mingisuguseid;mingi_sugune;DET;P;det;muudatus;NOUN;26;O;O
ert_350450.txt;14;26;muudatusi;muudatus;NOUN;S;obj;tegema;VERB;24;O;O
ert_350450.txt;14;27;maksusüsteemist;maksu_süsteem;NOUN;S;nmod;muudatus;NOUN;26;O;O
ert_350450.txt;14;28;,;,;PUNCT;Z;punct;arvama;VERB;32;O;O
ert_350450.txt;14;29;nii;nii;ADV;D;advmod;arvama;VERB;32;O;O
ert_350450.txt;14;30;et;et;SCONJ;J;fixed;nii;ADV;29;O;O
ert_350450.txt;14;31;ma;mina;PRON;P;nsubj;arvama;VERB;32;O;O
ert_350450.txt;14;32;arvan;arvama;VERB;V;advcl;tahtma;VERB;18;O;O
ert_350450.txt;14;33;,;,;PUNCT;Z;punct;jah;ADV;36;O;O
ert_350450.txt;14;34;selles;see;DET;P;det;mõte;NOUN;35;O;O
ert_350450.txt;14;35;mõttes;mõte;NOUN;S;obl;arvama;VERB;32;O;O
ert_350450.txt;14;36;jah;jah;ADV;D;advmod;arvama;VERB;32;O;O
ert_350450.txt;14;37;,;,;PUNCT;Z;punct;tõe_näoline;ADJ;41;O;O
ert_350450.txt;14;38;see;see;PRON;P;nsubj:cop;tõe_näoline;ADJ;41;O;O
ert_350450.txt;14;39;on;olema;AUX;V;cop;tõe_näoline;ADJ;41;O;O
ert_350450.txt;14;40;väga;väga;ADV;D;advmod;tõe_näoline;ADJ;41;O;O
ert_350450.txt;14;41;tõenäoline;tõe_näoline;ADJ;A;conj;arvama;VERB;32;O;O
ert_350450.txt;14;42;,;,;PUNCT;Z;punct;olema;VERB;46;O;O
ert_350450.txt;14;43;et;et;SCONJ;J;mark;olema;VERB;46;O;O
ert_350450.txt;14;44;tegelikult;tegelikult;ADV;D;advmod;olema;VERB;46;O;O
ert_350450.txt;14;45;ei;ei;AUX;V;aux;olema;VERB;46;O;O
ert_350450.txt;14;46;ole;olema;VERB;V;csubj:cop;tõe_näoline;ADJ;41;O;O
ert_350450.txt;14;47;vaja;vaja;ADV;D;compound:prt;olema;VERB;46;O;O
ert_350450.txt;14;48;suurt;suur;ADJ;A;amod;miski;PRON;49;O;O
ert_350450.txt;14;49;midagi;miski;PRON;P;obj;tegema;VERB;50;O;O
ert_350450.txt;14;50;teha;tegema;VERB;V;csubj;olema;VERB;46;O;O
ert_350450.txt;14;51;ja;ja;CCONJ;J;cc;loksuma;VERB;53;O;O
ert_350450.txt;14;52;asjad;asi;NOUN;S;nsubj;loksuma;VERB;53;O;O
ert_350450.txt;14;53;loksuvad;loksuma;VERB;V;conj;olema;VERB;46;O;O
ert_350450.txt;14;54;ise;ise;ADV;D;advmod;loksuma;VERB;53;O;O
ert_350450.txt;14;55;paika;paik;NOUN;S;obl;loksuma;VERB;53;O;O
ert_350450.txt;14;56;tänu;tänu;ADP;K;case;majandus_kasv;NOUN;57;O;O
ert_350450.txt;14;57;majanduskasvule;majandus_kasv;NOUN;S;obl;loksuma;VERB;53;O;O
ert_350450.txt;14;58;.;.;PUNCT;Z;punct;kindel;ADJ;5;O;O
ert_350450.txt;15;1;Samas;samas;ADV;D;advmod;hakkama;VERB;5;O;O
ert_350450.txt;15;2;võib;võima;AUX;V;aux;hakkama;VERB;5;O;O
ert_350450.txt;15;3;oma;oma;PRON;P;nmod;mõju;NOUN;4;O;O
ert_350450.txt;15;4;mõju;mõju;NOUN;S;obj;avaldama;VERB;7;O;O
ert_350450.txt;15;5;hakata;hakkama;VERB;V;root;root;PUNCT;0;O;O
ert_350450.txt;15;6;taas;taas;ADV;D;advmod;avaldama;VERB;7;O;O
ert_350450.txt;15;7;avaldama;avaldama;VERB;V;xcomp;hakkama;VERB;5;O;O
ert_350450.txt;15;8;koroonaviirus;koroona_viirus;NOUN;S;obj;avaldama;VERB;7;O;O
ert_350450.txt;15;9;veel;veel;ADV;D;advmod;kord;NOUN;10;O;O
ert_350450.txt;15;10;kord;kord;NOUN;S;obl;avaldama;VERB;7;O;O
ert_350450.txt;15;11;Raul;Raul;PROPN;S;appos;kord;NOUN;10;B-PER;B-PER
ert_350450.txt;15;12;Eamets;Ea_mets;PROPN;S;flat;Raul;PROPN;11;I-PER;I-PER
ert_350450.txt;15;13;.;.;PUNCT;Z;punct;hakkama;VERB;5;O;O
ert_350450.txt;16;1;Kui;kui;SCONJ;J;mark;eeldama;VERB;3;O;O
ert_350450.txt;16;2;me;mina;PRON;P;nsubj;eeldama;VERB;3;O;O
ert_350450.txt;16;3;eeldame;eeldama;VERB;V;advcl;põhjustama;VERB;46;O;O
ert_350450.txt;16;4;,;,;PUNCT;Z;punct;positiivne;ADJ;9;O;O
ert_350450.txt;16;5;vaktsineerimise;vaktsineeri=mine;NOUN;S;nmod;efekt;NOUN;6;O;O
ert_350450.txt;16;6;efektid;efekt;NOUN;S;nsubj:cop;positiivne;ADJ;9;O;O
ert_350450.txt;16;7;on;olema;AUX;V;aux;positiivne;ADJ;9;O;O
ert_350450.txt;16;8;olnud;olema;AUX;V;cop;positiivne;ADJ;9;O;O
ert_350450.txt;16;9;positiivsed;positiivne;ADJ;A;conj;eeldama;VERB;3;O;O
ert_350450.txt;16;10;ja;ja;CCONJ;J;cc;tulema;VERB;17;O;O
ert_350450.txt;16;11;sellist;selline;ADJ;P;nsubj;tulema;VERB;17;O;O
ert_350450.txt;16;12;nagu;nagu;SCONJ;J;mark;laine;NOUN;15;O;O
ert_350450.txt;16;13;tõsisemat;tõsisem;ADJ;A;amod;laine;NOUN;15;O;O
ert_350450.txt;16;14;kolmandat;kolmas;ADJ;N;amod;laine;NOUN;15;O;O
ert_350450.txt;16;15;lainet;laine;NOUN;S;nsubj;tulema;VERB;17;O;O
ert_350450.txt;16;16;ei;ei;AUX;V;aux;tulema;VERB;17;O;O
ert_350450.txt;16;17;tule;tulema;VERB;V;conj;positiivne;ADJ;9;O;O
ert_350450.txt;16;18;siis;siis;ADV;D;advmod;tulema;VERB;17;O;O
ert_350450.txt;16;19;vaadates;vaatama;VERB;V;advcl;tulema;VERB;17;O;O
ert_350450.txt;16;20;kõiki;kõik;DET;P;det;raha;NOUN;24;O;O
ert_350450.txt;16;21;neid;see;PRON;P;nsubj;tulema;VERB;17;O;O
ert_350450.txt;16;22;Euroopa;Euroopa;PROPN;S;nmod;liit;NOUN;23;B-LOC;B-GPE
ert_350450.txt;16;23;liidu;liit;NOUN;S;nmod;raha;NOUN;24;I-LOC;I-GPE
ert_350450.txt;16;24;rahasid;raha;NOUN;S;nsubj;tulema;VERB;17;O;O
ert_350450.txt;16;25;,;,;PUNCT;Z;punct;võimalus;NOUN;27;O;O
ert_350450.txt;16;26;laenamise;laenamine;NOUN;S;nmod;võimalus;NOUN;27;O;O
ert_350450.txt;16;27;võimalusi;võimalus;NOUN;S;conj;raha;NOUN;24;O;O
ert_350450.txt;16;28;,;,;PUNCT;Z;punct;kõik;PRON;29;O;O
ert_350450.txt;16;29;kõik;kõik;PRON;P;conj;raha;NOUN;24;O;O
ert_350450.txt;16;30;,;,;PUNCT;Z;punct;Eesti;PROPN;32;O;O
ert_350450.txt;16;31;mis;mis;PRON;P;nsubj:cop;Eesti;PROPN;32;O;O
ert_350450.txt;16;32;Eestil;Eesti;PROPN;S;acl:relcl;kõik;PRON;29;B-LOC;O
ert_350450.txt;16;33;täna;täna;ADV;D;advmod;Eesti;PROPN;32;O;O
ert_350450.txt;16;34;tegelikult;tegelikult;ADV;D;advmod;Eesti;PROPN;32;O;O
ert_350450.txt;16;35;on;olema;AUX;V;cop;Eesti;PROPN;32;O;O
ert_350450.txt;16;36;,;,;PUNCT;Z;punct;Eesti;PROPN;32;O;O
ert_350450.txt;16;37;siis;siis;ADV;D;advmod;pessimisem;NOUN;40;O;O
ert_350450.txt;16;38;selliseks;selline;DET;P;det;pessimisem;NOUN;40;O;O
ert_350450.txt;16;39;suureks;suur;ADJ;A;amod;pessimisem;NOUN;40;O;O
ert_350450.txt;16;40;pessimismiks;pessimisem;NOUN;S;xcomp;põhjustama;VERB;46;O;O
ert_350450.txt;16;41;nagu;nagu;SCONJ;J;mark;põhjustama;VERB;46;O;O
ert_350450.txt;16;42;tuleviku;tulevik;NOUN;S;obl;põhjustama;VERB;46;O;O
ert_350450.txt;16;43;suhtes;suhtes;ADP;K;case;tulevik;NOUN;42;O;O
ert_350450.txt;16;44;ma;mina;PRON;P;nsubj;põhjustama;VERB;46;O;O
ert_350450.txt;16;45;küll;küll;ADV;D;advmod;põhjustama;VERB;46;O;O
ert_350450.txt;16;46;põhjustame;põhjustama;VERB;V;root;root;PUNCT;0;O;O
ert_350450.txt;16;47;.;.;PUNCT;Z;punct;põhjustama;VERB;46;O;O
